{"cameraMode":{"drawMode":0,"name":"Shaded","section":"Shading Mode"},"sceneLighting":false,"audioPlay":false,"sceneViewState":{"showFog":true,"showMaterialUpdate":false,"showSkybox":false,"showFlares":true,"showImageEffects":true,"showParticleSystems":true},"in2DMode":false,"pivot":{"x":1.096397876739502,"y":-0.1073751449584961,"z":4.702427864074707},"rotation":{"x":-0.1793181449174881,"y":-0.007956075482070446,"z":0.0014534072251990438,"w":-0.9837064146995544},"size":5.592350959777832,"orthographic":false}