{"cameraMode":{"drawMode":0,"name":"Shaded","section":"Shading Mode"},"sceneLighting":false,"audioPlay":false,"sceneViewState":{"showFog":true,"showMaterialUpdate":false,"showSkybox":false,"showFlares":true,"showImageEffects":true,"showParticleSystems":true},"in2DMode":false,"pivot":{"x":0.000014007091522216797,"y":1.1143344640731812,"z":-0.8686584830284119},"rotation":{"x":0.11533813178539276,"y":-0.3384438455104828,"z":0.041836947202682498,"w":0.9329617023468018},"size":1.0774006843566895,"orthographic":false}