{"cameraMode":{"drawMode":0,"name":"Shaded","section":"Shading Mode"},"sceneLighting":false,"audioPlay":false,"sceneViewState":{"showFog":true,"showMaterialUpdate":false,"showSkybox":false,"showFlares":true,"showImageEffects":true,"showParticleSystems":true},"in2DMode":false,"pivot":{"x":1.0958658456802369,"y":0.6226420402526856,"z":-0.46505796909332278},"rotation":{"x":0.10214163362979889,"y":0.8243555426597595,"z":-0.15768535435199738,"w":0.5339817404747009},"size":1.7030541896820069,"orthographic":false}