{"cameraMode":{"drawMode":0,"name":"Shaded","section":"Shading Mode"},"sceneLighting":true,"audioPlay":false,"sceneViewState":{"showFog":true,"showMaterialUpdate":false,"showSkybox":true,"showFlares":true,"showImageEffects":true,"showParticleSystems":true},"in2DMode":false,"pivot":{"x":6.12347412109375,"y":-15.336228370666504,"z":98.64427947998047},"rotation":{"x":0.03633539378643036,"y":-0.32238680124282839,"z":0.012390121817588807,"w":0.9458358883857727},"size":111.91514587402344,"orthographic":false}