{"cameraMode":{"drawMode":0,"name":"Shaded","section":"Shading Mode"},"sceneLighting":false,"audioPlay":false,"sceneViewState":{"showFog":true,"showMaterialUpdate":false,"showSkybox":false,"showFlares":true,"showImageEffects":true,"showParticleSystems":true},"in2DMode":false,"pivot":{"x":-0.06502962112426758,"y":0.3688439130783081,"z":0.0921025276184082},"rotation":{"x":0.3218733072280884,"y":-0.2215433418750763,"z":0.07774244993925095,"w":0.9172064661979675},"size":10.589563369750977,"orthographic":false}