{"cameraMode":{"drawMode":0,"name":"Shaded","section":"Shading Mode"},"sceneLighting":true,"audioPlay":false,"sceneViewState":{"showFog":true,"showMaterialUpdate":false,"showSkybox":true,"showFlares":true,"showImageEffects":true,"showParticleSystems":true},"in2DMode":false,"pivot":{"x":802.5281372070313,"y":503.15142822265627,"z":8.8397216796875},"rotation":{"x":0.04198721796274185,"y":0.004496017936617136,"z":-0.0001889388804556802,"w":0.9991075396537781},"size":1175.5128173828125,"orthographic":false}