{"cameraMode":{"drawMode":0,"name":"Shaded","section":"Shading Mode"},"sceneLighting":false,"audioPlay":false,"sceneViewState":{"showFog":true,"showMaterialUpdate":false,"showSkybox":false,"showFlares":true,"showImageEffects":true,"showParticleSystems":true},"in2DMode":false,"pivot":{"x":1.8970035314559937,"y":-0.6518007516860962,"z":-1.5667333602905274},"rotation":{"x":-0.04042908176779747,"y":-0.8776003122329712,"z":0.07521901279687882,"w":-0.47171953320503237},"size":2.434926986694336,"orthographic":false}