{"cameraMode":{"drawMode":0,"name":"Shaded","section":"Shading Mode"},"sceneLighting":true,"audioPlay":false,"sceneViewState":{"showFog":true,"showMaterialUpdate":false,"showSkybox":true,"showFlares":true,"showImageEffects":true,"showParticleSystems":true},"in2DMode":false,"pivot":{"x":5.533600330352783,"y":1.5791168212890626,"z":0.9446840286254883},"rotation":{"x":0.32524144649505618,"y":-0.07648288458585739,"z":0.026402059942483903,"w":0.9421635270118713},"size":4.5645270347595219,"orthographic":false}