{"cameraMode":{"drawMode":0,"name":"Shaded","section":"Shading Mode"},"sceneLighting":false,"audioPlay":false,"sceneViewState":{"showFog":true,"showMaterialUpdate":false,"showSkybox":false,"showFlares":true,"showImageEffects":true,"showParticleSystems":true},"in2DMode":false,"pivot":{"x":4.18371057510376,"y":0.7807369232177734,"z":-2.098661422729492},"rotation":{"x":0.33480462431907656,"y":0.0028263935819268228,"z":-0.001006184727884829,"w":0.94228595495224},"size":12.198626518249512,"orthographic":false}