{"cameraMode":{"drawMode":0,"name":"Shaded","section":"Shading Mode"},"sceneLighting":false,"audioPlay":false,"sceneViewState":{"showFog":true,"showMaterialUpdate":false,"showSkybox":false,"showFlares":true,"showImageEffects":true,"showParticleSystems":true},"in2DMode":false,"pivot":{"x":-0.11601698398590088,"y":1.4210604429244996,"z":-0.036909401416778567},"rotation":{"x":-0.010649430565536023,"y":-0.9850594401359558,"z":0.1582699716091156,"w":-0.06630423665046692},"size":5.598273277282715,"orthographic":false}