{"cameraMode":{"drawMode":0,"name":"Shaded","section":"Shading Mode"},"sceneLighting":true,"audioPlay":false,"sceneViewState":{"showFog":true,"showMaterialUpdate":false,"showSkybox":true,"showFlares":true,"showImageEffects":true,"showParticleSystems":true},"in2DMode":false,"pivot":{"x":-26.323192596435548,"y":10.753779411315918,"z":-8.523765563964844},"rotation":{"x":-0.010649430565536023,"y":-0.9850594401359558,"z":0.1582699716091156,"w":-0.06630423665046692},"size":195.773193359375,"orthographic":false}