{"cameraMode":{"drawMode":0,"name":"Shaded","section":"Shading Mode"},"sceneLighting":false,"audioPlay":false,"sceneViewState":{"showFog":true,"showMaterialUpdate":false,"showSkybox":false,"showFlares":true,"showImageEffects":true,"showParticleSystems":true},"in2DMode":false,"pivot":{"x":0.0,"y":0.01793992519378662,"z":0.6810007095336914},"rotation":{"x":0.11533813178539276,"y":-0.3384438455104828,"z":0.041836947202682498,"w":0.9329617023468018},"size":4.674930095672607,"orthographic":false}