{"cameraMode":{"drawMode":0,"name":"Shaded","section":"Shading Mode"},"sceneLighting":true,"audioPlay":false,"sceneViewState":{"showFog":true,"showMaterialUpdate":false,"showSkybox":true,"showFlares":true,"showImageEffects":true,"showParticleSystems":true},"in2DMode":false,"pivot":{"x":-9.622639656066895,"y":-8.501176834106446,"z":7.868339538574219},"rotation":{"x":0.33197131752967837,"y":-0.40092143416404726,"z":0.1586519032716751,"w":0.8389119505882263},"size":48.096588134765628,"orthographic":false}