{"cameraMode":{"drawMode":0,"name":"Shaded","section":"Shading Mode"},"sceneLighting":false,"audioPlay":false,"sceneViewState":{"showFog":true,"showMaterialUpdate":false,"showSkybox":false,"showFlares":true,"showImageEffects":true,"showParticleSystems":true},"in2DMode":false,"pivot":{"x":-0.11601686477661133,"y":1.421584963798523,"z":-1.0066081285476685},"rotation":{"x":0.3623013496398926,"y":0.015081705525517464,"z":-0.005862561985850334,"w":0.9318604469299316},"size":18.483169555664064,"orthographic":false}