{"cameraMode":{"drawMode":0,"name":"Shaded","section":"Shading Mode"},"sceneLighting":false,"audioPlay":false,"sceneViewState":{"showFog":true,"showMaterialUpdate":false,"showSkybox":false,"showFlares":true,"showImageEffects":true,"showParticleSystems":true},"in2DMode":false,"pivot":{"x":0.12000012397766113,"y":1.008970022201538,"z":0.41050028800964358},"rotation":{"x":0.3290838897228241,"y":-0.018412800505757333,"z":0.006416178774088621,"w":0.9441026449203491},"size":8.299386978149414,"orthographic":false}