{"cameraMode":{"drawMode":0,"name":"Shaded","section":"Shading Mode"},"sceneLighting":false,"audioPlay":false,"sceneViewState":{"showFog":true,"showMaterialUpdate":false,"showSkybox":false,"showFlares":true,"showImageEffects":true,"showParticleSystems":true},"in2DMode":false,"pivot":{"x":25.001699447631837,"y":-20.752912521362306,"z":-185.89089965820313},"rotation":{"x":0.001959173707291484,"y":-0.9916553497314453,"z":0.12803106009960175,"w":0.015170018188655377},"size":202.81582641601563,"orthographic":false}