{"cameraMode":{"drawMode":0,"name":"Shaded","section":"Shading Mode"},"sceneLighting":true,"audioPlay":false,"sceneViewState":{"showFog":true,"showMaterialUpdate":false,"showSkybox":true,"showFlares":true,"showImageEffects":true,"showParticleSystems":true},"in2DMode":false,"pivot":{"x":-73.02628326416016,"y":5.4812774658203129,"z":-1.826811671257019},"rotation":{"x":-0.4045005142688751,"y":0.09385406225919724,"z":-0.04175638034939766,"w":-0.9086902141571045},"size":6.922605514526367,"orthographic":false}